Latitude,Longitude,Altitude
49.09933853149414,12.180995398154916,461.29425048828125
49.09933853149414,12.180993548973413,461.66595458984375
49.09933090209961,12.18099347331978,461.42413330078125
49.09933853149414,12.180993805053529,461.30072021484375
49.099334716796875,12.180993919185656,461.1955261230469
49.09933090209961,12.180995308445988,460.6316833496094
49.09933853149414,12.18099314929483,461.331787109375
49.099327087402344,12.180997352580833,459.8568115234375
49.09933090209961,12.180995180415756,460.5949401855469
49.09933853149414,12.180993473856843,461.1407165527344
49.09933853149414,12.180993473856843,461.1407165527344
49.099334716796875,12.180994326586138,460.8566589355469
49.099334716796875,12.180994326586138,460.8566589355469
49.09933090209961,12.180994689102683,460.6903381347656
49.09933853149414,12.180992915450373,461.2835998535156
49.09933853149414,12.180992915450373,461.2835998535156
49.09933853149414,12.18099292608681,461.2914123535156
49.09933853149414,12.18099292608681,461.2914123535156
49.099334716796875,12.18099414190901,460.7782897949219
49.09933090209961,12.180994172691808,460.7562561035156
49.09933090209961,12.18099475882899,460.4424133300781
49.09933090209961,12.180995198282876,460.2864990234375
49.099334716796875,12.180993423097977,460.8555908203125
49.099342346191406,12.180992481013428,461.1374206542969
49.09933853149414,12.18099186002619,461.36676025390625
49.099327087402344,12.180996715560342,459.6279602050781
49.09933853149414,12.18099205375477,461.21051025390625
49.099327087402344,12.180995298156676,460.04248046875
49.09933853149414,12.180992400500042,461.0278625488281
49.0994873046875,12.180750388764524,551.3681030273438
49.09933090209961,12.180993368533834,460.6567687988281
49.09933090209961,12.180994515055444,460.2370300292969
49.099334716796875,12.18099283839514,460.8353576660156
49.099334716796875,12.180991908374828,461.14788818359375
49.099327087402344,12.180995424890101,459.85028076171875
49.099334716796875,12.180991542806202,461.1911315917969
49.099334716796875,12.180991542806202,461.1911315917969
49.09931945800781,12.181026453064293,447.7724609375
49.099327087402344,12.18099536875407,459.7621154785156
49.09933090209961,12.180992798325109,460.6993408203125
49.099327087402344,12.180994395539601,460.0379638671875
49.09933090209961,12.18099314970745,460.4631652832031
49.099334716796875,12.180990827060347,461.24334716796875
49.099334716796875,12.1809921112793,460.7673034667969
49.09933853149414,12.180991088943347,461.0650939941406
49.099327087402344,12.180994808605426,459.6993713378906
49.099334716796875,12.180990728064186,461.1929016113281
49.099327087402344,12.180994208085473,459.906005859375
49.09933090209961,12.180993246064151,460.2613830566406
49.09933090209961,12.180993246064151,460.2613830566406
49.099327087402344,12.18099396860187,459.9893798828125
49.09933090209961,12.180993211980391,460.26373291015625
49.09933853149414,12.180990326296302,461.26495361328125
49.09933853149414,12.180990326296302,461.26495361328125
49.09933853149414,12.180990280763961,461.2710266113281
49.099334716796875,12.180991122201865,460.98089599609375
49.09933090209961,12.180991550004137,460.813232421875
49.09933853149414,12.180990472796212,461.15087890625
49.09933853149414,12.180990530739914,461.12506103515625
49.09931564331055,12.181026239791914,447.7772521972656
49.099334716796875,12.180990834507165,460.9830017089844
49.09933853149414,12.180990220462428,461.1583251953125
49.09933090209961,12.18099244328813,460.3166809082031
49.09933853149414,12.180990365809622,461.0411682128906
49.09933853149414,12.18099003803834,461.1661376953125
49.099334716796875,12.180990487873233,460.9914855957031
49.09933090209961,12.180991370828615,460.66156005859375
49.09933853149414,12.180989699538927,461.1639709472656
49.09933090209961,12.180991981637883,460.31243896484375
49.099327087402344,12.180993160815456,459.83111572265625
49.099327087402344,12.180992984940897,459.8841552734375
49.099327087402344,12.180992928575634,459.8985900878906
49.099327087402344,12.180992928575634,459.8985900878906
49.09933090209961,12.180991912913653,460.2447204589844
49.09933090209961,12.180990626454761,460.6596374511719
49.09944534301758,12.180824244649832,524.141357421875
49.09933853149414,12.180989453852916,461.0397033691406
49.099327087402344,12.18099174032041,460.1943664550781
49.09933090209961,12.180990320781596,460.7170104980469
49.099334716796875,12.180989047467612,461.0939636230469
49.099327087402344,12.180992707358671,459.6566467285156
49.099327087402344,12.180992707358671,459.6566467285156
49.099334716796875,12.180989417686407,460.8897399902344
49.09933090209961,12.180990008126631,460.6579895019531
49.09933090209961,12.180990135894884,460.59637451171875
49.099334716796875,12.180988603245668,461.09625244140625
49.099327087402344,12.18099194522249,459.8040771484375
49.09933853149414,12.180988700466907,460.9205627441406
49.099334716796875,12.180988233917612,461.1463928222656
49.09933853149414,12.180987996444715,461.1495361328125
49.09933853149414,12.180988039612673,461.1148681640625
49.09933090209961,12.180990256111526,460.27215576171875
49.099327087402344,12.180991198713487,459.7920227050781
49.099327087402344,12.180991198713487,459.7920227050781
49.099327087402344,12.180990206983495,460.1607666015625
49.099327087402344,12.180990733126974,459.92327880859375
49.09933090209961,12.1809888381446,460.63720703125
49.09933090209961,12.1809888381446,460.63720703125
49.09933853149414,12.180986970277287,461.3271789550781
49.09938430786133,12.180910602928444,491.74072265625
49.09933853149414,12.180987561837481,461.0176086425781
49.09933090209961,12.180989155960596,460.421630859375
49.09933090209961,12.18098889804661,460.50189208984375
49.099334716796875,12.180987752834906,460.932373046875
49.099327087402344,12.18099009292996,459.865234375
49.09933853149414,12.18098706923415,460.95672607421875
49.099334716796875,12.180987037861897,461.0093994140625
49.099327087402344,12.180990289062217,459.71063232421875
49.099327087402344,12.180989140339964,460.1246337890625
49.09933853149414,12.180987079759248,460.9040832519531
49.09933090209961,12.180988626077333,460.17864990234375
49.09933090209961,12.180987318476555,460.65887451171875
49.09933090209961,12.180988445624655,460.1479187011719
49.09933853149414,12.180986223571798,460.9952392578125
49.099334716796875,12.180986092653223,461.0063781738281
49.099327087402344,12.18098834678568,460.07318115234375
49.09933090209961,12.180986753193078,460.6600646972656
49.099334716796875,12.18098592704178,460.9593811035156
49.099334716796875,12.180985717482983,461.0277099609375
49.09933090209961,12.18098718180749,460.4089050292969
49.09933853149414,12.180986816920017,460.45721435546875
49.09933090209961,12.18098692006203,460.4649963378906
49.09933853149414,12.18098565231515,460.95098876953125
49.09933853149414,12.180985727962234,460.86785888671875
49.099334716796875,12.180985497549731,460.9844055175781
49.099334716796875,12.180985575829725,460.8876953125
49.099334716796875,12.180985575829725,460.8876953125
49.09933090209961,12.180986239794986,460.6095275878906
49.09933853149414,12.180985166392341,460.96942138671875
49.099334716796875,12.180985463760699,460.8294982910156
49.09933853149414,12.180987328222258,459.9595031738281
49.099334716796875,12.180984853917488,461.0553283691406
49.099327087402344,12.180988091681446,459.7247314453125
49.09933853149414,12.18098491459562,460.96612548828125
49.09933090209961,12.180986072912935,460.5260925292969
49.099327087402344,12.180987115126715,460.0541076660156
49.09933090209961,12.180985837142916,460.5715026855469
49.099334716796875,12.18098469614256,461.0242919921875
49.09933090209961,12.180985782008964,460.5657653808594
49.09933090209961,12.180985782008964,460.5657653808594
49.09933090209961,12.180985759917396,460.477294921875
49.099334716796875,12.180984898912767,460.8111267089844
49.099334716796875,12.180984898912767,460.8111267089844
49.099334716796875,12.180984494122274,460.9552001953125
49.099327087402344,12.180986540392265,460.0619812011719
49.09934616088867,12.180969604041751,467.1092224121094
49.0993537902832,12.18095801890045,471.2691650390625
49.09933090209961,12.180985224191952,460.4744567871094
49.09933090209961,12.180984920929015,460.5841064453125
49.09943389892578,12.180851505854683,517.3462524414062
49.099334716796875,12.180984286590558,460.7625732421875
49.099327087402344,12.180985633989561,460.0074462890625
49.099327087402344,12.180985268532277,460.0571594238281
49.09933853149414,12.180985002555822,459.86456298828125
49.09933090209961,12.180984082621787,460.2985534667969
49.099327087402344,12.18098569602672,459.59002685546875
49.09933853149414,12.180982985460716,460.7137451171875
49.099334716796875,12.180983191358324,460.5680236816406
49.09933090209961,12.18098421059635,460.0069885253906
49.099334716796875,12.18098289511976,460.44158935546875
49.09933853149414,12.180984096297207,459.8299560546875
49.09933853149414,12.180982509905816,460.5169982910156
49.099327087402344,12.180984740047341,459.5404968261719
49.099327087402344,12.180984740047341,459.5404968261719
49.099430084228516,12.180847383743568,518.4100952148438
49.09933090209961,12.180983810194041,459.8994140625
49.09933853149414,12.180983558371121,459.8757629394531
49.099327087402344,12.180984562315992,459.490478515625
49.099327087402344,12.18098458363144,459.4433898925781
49.099430084228516,12.18085986167437,516.0298461914062
49.099327087402344,12.180984585350693,459.4024353027344
49.099334716796875,12.180982886674139,460.1308898925781
49.09933090209961,12.180983719853085,459.7378234863281
49.099334716796875,12.180982927592334,460.05474853515625
49.099334716796875,12.180982927592334,460.05474853515625
49.099334716796875,12.180983003930393,460.00103759765625
49.09933853149414,12.18098308477453,459.7900695800781
49.099334716796875,12.180982544258105,459.9832763671875
49.09946060180664,12.180815305686096,538.0625610351562
49.09933853149414,12.180982165560945,459.88934326171875
49.09933853149414,12.180982061262936,459.8160095214844
49.09933853149414,12.180981910515655,459.86810302734375
49.09933853149414,12.180981809367973,459.8697509765625
49.099327087402344,12.180983354163294,459.1619873046875
49.09933853149414,12.180981700989607,459.7517395019531
49.099327087402344,12.18098321964575,459.0063171386719
49.099327087402344,12.180983062604367,459.03228759765625
49.099334716796875,12.180981430870572,459.57611083984375
49.09933853149414,12.180980941961177,459.71160888671875
49.09933090209961,12.180982063322764,459.1279602050781
49.09933090209961,12.18098241506533,458.9434814453125
49.09933090209961,12.180981769183324,458.9554138183594
49.09933853149414,12.180980786897754,459.3831481933594
49.099334716796875,12.180981778617925,458.8985900878906
49.09933090209961,12.1809816532468,458.84405517578125
49.099334716796875,12.180981666820703,458.6741027832031
49.0993766784668,12.180920925061448,488.57470703125
49.099334716796875,12.180975145721153,460.19677734375
49.09933853149414,12.180974104869675,460.4405517578125
49.099342346191406,12.180969482082933,460.94012451171875
49.099334716796875,12.180968868516313,460.7815856933594
49.09932327270508,12.180972390336708,458.6759033203125
49.099342346191406,12.18096798557403,461.19818115234375
49.099334716796875,12.180969139755318,460.5062561035156
49.099334716796875,12.180969139755318,460.5062561035156
49.09933853149414,12.180968259688278,461.00927734375
49.099334716796875,12.18096882175266,460.6317443847656
49.099334716796875,12.180969235345724,460.26629638671875
49.09933853149414,12.180968281842068,460.8021240234375
49.099334716796875,12.180969319052005,460.1510925292969
49.099342346191406,12.180967518206042,461.1413269042969
49.09933853149414,12.18096745453805,461.1461486816406
49.09932327270508,12.180971503395936,458.6973571777344
49.09933853149414,12.18096757325485,460.928466796875
49.099342346191406,12.18096734287837,461.0096130371094
49.099334716796875,12.180967811697078,460.65960693359375
49.09933853149414,12.180967034690186,461.0272216796875
49.09933090209961,12.180968918299298,459.85565185546875
49.09933853149414,12.180967090872064,460.9668273925781
49.09933853149414,12.180966576327805,461.2012634277344
49.099334716796875,12.180967866657468,460.37786865234375
49.099327087402344,12.180969159289294,459.58636474609375
49.09933090209961,12.180968686334557,459.8408203125
49.099334716796875,12.18096771042168,460.2994689941406
49.099334716796875,12.18096771042168,460.2994689941406
49.099334716796875,12.180967921804521,460.1195068359375
49.099327087402344,12.180969208011255,459.3255920410156
49.09933853149414,12.180966546311303,460.93890380859375
49.09933090209961,12.180968222830792,459.86627197265625
49.099342346191406,12.180966787373343,460.6133728027344
49.09933090209961,12.180968268297637,459.7840270996094
49.09933853149414,12.180966606370504,460.8005676269531
49.099334716796875,12.180967193686602,460.4080810546875
49.099342346191406,12.1809664663841,460.77490234375
49.09933090209961,12.180967548739956,460.1712341308594
49.09933090209961,12.180968092259342,459.83197021484375
49.09941482543945,12.18089786208309,505.0443115234375
49.099327087402344,12.18096810755577,459.70367431640625
49.099334716796875,12.180966506781608,460.61712646484375
49.099334716796875,12.180966506781608,460.61712646484375
49.09933090209961,12.180967679029777,459.8525390625
49.099334716796875,12.180966481421825,460.5799560546875
49.09933853149414,12.180965810333948,460.99444580078125
49.099327087402344,12.180968166475353,459.4420471191406
49.099327087402344,12.180968071903399,459.4999084472656
49.09933853149414,12.180965696178896,460.897216796875
49.099220275878906,12.181058941914904,404.21728515625
49.09938430786133,12.180920028106444,490.53729248046875
49.099334716796875,12.180966652132076,460.2207946777344
49.099342346191406,12.180965271769283,461.01708984375
49.09934616088867,12.180965554263658,460.7590026855469
49.09932327270508,12.180968886979441,458.7150573730469
49.099327087402344,12.180967444455048,459.63250732421875
49.099334716796875,12.18096570602939,460.727294921875
49.09933090209961,12.180966526541544,460.2080993652344
49.09933090209961,12.180966981521093,459.7955322265625
49.09933090209961,12.180966573593375,460.05438232421875
49.099342346191406,12.180964050966166,460.9716491699219
49.099327087402344,12.180967089902733,459.7020568847656
49.099327087402344,12.180967089902733,459.7020568847656
49.099334716796875,12.180965586362909,460.57867431640625
49.09932327270508,12.180968152947296,458.8695983886719
49.09934616088867,12.180964875005241,460.77423095703125
49.09932327270508,12.180967916381508,458.8809814453125
49.099334716796875,12.180965471471035,460.4603576660156
49.09933853149414,12.180964814775752,460.8475036621094
49.099334716796875,12.180965702381302,460.25836181640625
49.09934616088867,12.180964751926453,460.7200927734375
49.09934616088867,12.180963699397163,460.7747802734375
49.09932327270508,12.180967421102695,459.0177001953125
49.09933853149414,12.18096420418262,461.09259033203125
49.0993537902832,12.180946711074482,473.4607238769531
49.09931945800781,12.180967761661936,458.6335144042969
49.09932327270508,12.180967434083865,458.8231201171875
49.09932327270508,12.180967244226059,458.8927307128906
49.099334716796875,12.180964760496515,460.5198669433594
49.09932327270508,12.18096669470403,459.2235107421875
49.09934616088867,12.180964511123118,460.5133056640625
49.09928894042969,12.18100659865863,435.8985595703125
49.09930419921875,12.180988875745458,445.8917236328125
49.099342346191406,12.180963718027304,460.95123291015625
49.099342346191406,12.180963718027304,460.95123291015625
49.09934997558594,12.18096420182479,460.4267272949219
49.09933853149414,12.180963996919434,460.7475891113281
49.099334716796875,12.180964406183257,460.4147644042969
49.09934616088867,12.180964015051812,460.5251159667969
49.09932327270508,12.180966682777333,458.85211181640625
49.099342346191406,12.180963486124782,460.8720397949219
49.09932327270508,12.180966071293463,459.173828125
49.099334716796875,12.180958140957511,462.9632263183594
49.099327087402344,12.180965297174914,459.6158142089844
49.09934997558594,12.18096370716818,460.47705078125
49.099327087402344,12.180965204011109,459.574951171875
49.099327087402344,12.180965204011109,459.574951171875
49.099327087402344,12.18096514477715,459.5928039550781
49.09931945800781,12.180966471816937,458.66729736328125
49.09934616088867,12.180963577867338,460.4234619140625
49.09933853149414,12.180962347259573,461.3790283203125
49.09932327270508,12.180966006132179,458.8455810546875
49.099327087402344,12.180965414080768,459.2159423828125
49.09932327270508,12.18096542930188,459.1714782714844
49.09933853149414,12.180962841572331,460.83306884765625
49.099327087402344,12.18096466453606,459.4996643066406
49.09932327270508,12.180965044683942,459.1298522949219
49.09932327270508,12.180965044683942,459.1298522949219
49.099342346191406,12.180962252356867,460.953369140625
49.099334716796875,12.180962659927635,460.6685485839844
49.09933090209961,12.180963310463085,460.1476135253906
49.09931945800781,12.180965273544206,458.7574157714844
49.09934616088867,12.180962529752431,460.5223388671875
49.099342346191406,12.180962144476267,460.8772277832031
49.099342346191406,12.180962144476267,460.8772277832031
49.09933090209961,12.180963102165073,460.1587829589844
49.099334716796875,12.180955051677973,465.06121826171875
49.09932327270508,12.180964397596822,459.2145080566406
49.09932327270508,12.180964397596822,459.2145080566406
49.09938049316406,12.180921331634233,490.2813720703125
49.099327087402344,12.18096351051196,459.6748352050781
49.099342346191406,12.180961595887544,460.9654846191406
49.09931564331055,12.180965674234692,458.30743408203125
49.09933853149414,12.180961860753856,460.8240661621094
49.099334716796875,12.18096271930896,460.1836242675781
49.099334716796875,12.18096233576842,460.4332275390625
49.099327087402344,12.180963937380923,459.3673400878906
49.099342346191406,12.180961519225283,460.93255615234375
49.09934616088867,12.180962180767217,460.29461669921875
49.09931945800781,12.180964645702883,458.6575927734375
49.09933853149414,12.18096157016426,460.7763671875
49.099342346191406,12.180963005074824,459.61236572265625
49.099334716796875,12.180961828765946,460.48712158203125
49.099327087402344,12.18096308404252,459.5687255859375
49.09934616088867,12.180961592986103,460.44415283203125
49.099334716796875,12.18096188996149,460.3450622558594
49.09933090209961,12.180962381791975,459.9762878417969
49.099342346191406,12.180961198272064,460.7547607421875
49.099327087402344,12.180963020842821,459.5000305175781
49.099327087402344,12.180963161094478,459.3119201660156
49.09932327270508,12.180963787367189,458.80078125
49.099334716796875,12.180961496577005,460.4383544921875
49.099342346191406,12.180961033040493,460.6796569824219
49.09933090209961,12.180962206657515,459.91363525390625
49.09933090209961,12.180962206657515,459.91363525390625
49.099327087402344,12.18096254751476,459.6392822265625
49.09933090209961,12.180962369799783,459.65576171875
49.09933090209961,12.180962242981213,459.7508544921875
49.099334716796875,12.180961213542295,460.39892578125
49.099334716796875,12.180961213542295,460.39892578125
49.09933090209961,12.180961825612346,459.907470703125
49.099327087402344,12.180962529762256,459.3358459472656
49.09933090209961,12.180961521671533,460.07562255859375
49.09933853149414,12.18096054466161,460.8000183105469
49.099327087402344,12.180962418734605,459.3523864746094
49.099334716796875,12.18096079286264,460.5340576171875
49.099342346191406,12.180960735266064,460.4142761230469
49.09932327270508,12.180962919010712,458.8271484375
49.09933853149414,12.18095995636308,461.0267028808594
49.099327087402344,12.180961812667197,459.5593566894531
49.09933090209961,12.180961309578068,459.930908203125
49.0993537902832,12.180947055899106,472.3660888671875
49.09933853149414,12.180959913437455,460.7708435058594
49.09933853149414,12.180959913437455,460.7708435058594
49.09934616088867,12.180959786104747,460.63824462890625
49.09933853149414,12.180959569908001,460.90594482421875
49.09931945800781,12.18096257182007,458.603515625
49.09938430786133,12.180920754964395,491.82958984375
49.09934616088867,12.180959854409807,460.4632568359375
49.099327087402344,12.180961530765558,459.1556091308594
49.09933090209961,12.180960450302516,459.9815673828125
49.099334716796875,12.180959831578141,460.44635009765625
49.09933853149414,12.18095931158467,460.76611328125
49.09933853149414,12.180959316523017,460.7272033691406
49.099342346191406,12.180961747810468,460.03265380859375
49.09932327270508,12.180961251080932,459.01702880859375
49.09932327270508,12.18096174683786,458.6235046386719
49.099334716796875,12.180959288045656,460.4045715332031
49.099334716796875,12.180959288045656,460.4045715332031
49.099334716796875,12.180959288045656,460.4045715332031
49.099334716796875,12.180959490576805,460.24359130859375
49.09933853149414,12.180958766994438,460.7466735839844
49.099327087402344,12.180960198869293,459.61053466796875
49.099327087402344,12.180960484350253,459.29095458984375
49.09932327270508,12.180960751738134,459.0629577636719
49.09932327270508,12.18096070072711,459.0633544921875
49.09934616088867,12.18095873826492,460.4656066894531
49.099334716796875,12.18095880635712,460.56439208984375
49.099342346191406,12.180958469855312,460.7547302246094
49.099342346191406,12.180958469855312,460.7547302246094
49.09934616088867,12.180958619214094,460.5013122558594
49.09933853149414,12.180958443814376,460.7760925292969
49.099327087402344,12.180960043429272,459.4295654296875
49.099342346191406,12.180958457981012,460.55120849609375
49.099334716796875,12.180958284477384,460.6923828125
49.099327087402344,12.180959691742377,459.6083679199219
49.099342346191406,12.18095828784057,460.58319091796875
49.099327087402344,12.180959967428514,459.3007507324219
49.09931945800781,12.180960752510979,458.6182861328125
49.09933853149414,12.180958118852843,460.6780090332031
49.09931945800781,12.180960642311844,458.6894836425781
49.09934997558594,12.180958187727713,460.407958984375
49.09929275512695,12.18098630541474,440.73992919921875
49.09932327270508,12.180959963901591,459.0902404785156
49.099327087402344,12.180959368870145,459.5652160644531
49.09933853149414,12.180957928778902,460.6930236816406
49.09932327270508,12.18095992578332,459.08441162109375
49.099334716796875,12.180958410015522,460.31317138671875
49.09934616088867,12.18094671715572,468.2760925292969
49.09932327270508,12.180959988730864,458.9224853515625
49.099342346191406,12.180948418113148,468.11712646484375
49.099342346191406,12.180948418113148,468.11712646484375
49.099327087402344,12.180959211956479,459.52618408203125
49.0993537902832,12.180948799642982,467.615966796875
49.099334716796875,12.180958038152797,460.3515930175781
49.099342346191406,12.18095754897487,460.6568908691406
49.099342346191406,12.180957563351091,460.51885986328125
49.09932327270508,12.180959725845785,458.7251892089844
49.099327087402344,12.18095865586527,459.47039794921875
49.099327087402344,12.180958346887866,459.4898986816406
49.099327087402344,12.180958346887866,459.4898986816406
49.099327087402344,12.180958429952295,459.38330078125
49.09933853149414,12.18095671011257,460.66845703125
49.099342346191406,12.180956823537349,460.419189453125
49.099327087402344,12.18095810696217,459.2590637207031
49.099342346191406,12.180949054521257,465.22027587890625
49.099342346191406,12.180955021189906,460.80096435546875
49.099342346191406,12.18095612244607,460.61474609375
49.099342346191406,12.18095612244607,460.61474609375
49.099334716796875,12.180956776906324,459.96136474609375
49.099342346191406,12.18095593417325,460.4719543457031
49.099327087402344,12.180957428655073,459.270263671875
49.09934616088867,12.180955981817814,460.2711181640625
49.099327087402344,12.180957061313162,459.2117004394531
49.09934616088867,12.180956060476044,459.77935791015625
49.09933853149414,12.18095592057806,460.03863525390625
49.09933090209961,12.180956588921683,459.4454345703125
49.09932327270508,12.180957181416824,458.82135009765625
49.099334716796875,12.180956103178987,459.72418212890625
49.09931945800781,12.180957437896462,458.43231201171875
49.09932327270508,12.180957224756709,458.4832458496094
49.09934616088867,12.180954806416045,460.5465393066406
49.099327087402344,12.180956488857948,458.84716796875
49.09931945800781,12.180956437417931,458.3734436035156
49.09933090209961,12.180955473891855,459.1171569824219
49.09933853149414,12.180954580331145,459.8489074707031
49.09933853149414,12.180954730716564,459.5660095214844
49.099334716796875,12.180954768674372,459.36981201171875
49.099327087402344,12.180955202975415,458.88671875
49.099334716796875,12.1809547016039,459.3596496582031
49.0993537902832,12.180939382726395,474.6265869140625
49.09933853149414,12.18095421860382,459.6231689453125
49.09932327270508,12.180955665431254,458.27203369140625
49.09932327270508,12.180956903726532,458.07659912109375
49.09933090209961,12.180954705086613,458.97857666015625
49.09932327270508,12.180955237347353,458.317138671875
49.099334716796875,12.18095407278506,459.134521484375
49.09931945800781,12.180955182467196,458.0508117675781
49.099327087402344,12.18095466531786,458.3294677734375
49.099342346191406,12.180953284324675,459.58953857421875
49.09933853149414,12.180953310506425,459.40179443359375
49.09932327270508,12.180954900997824,457.8310852050781
49.09933853149414,12.180953395141103,459.1549987792969
49.099334716796875,12.180953653130405,458.9084167480469
49.09933853149414,12.180953417360387,459.063232421875
49.09933853149414,12.180953417360387,459.063232421875
49.09932327270508,12.18095408499011,458.1015625
49.09933090209961,12.180953358028184,458.7060241699219
49.09933090209961,12.180953387730307,458.42034912109375
49.099334716796875,12.180953123342112,458.6674499511719
49.09933853149414,12.18095277437491,458.9820861816406
49.099334716796875,12.18095288985133,458.6449890136719
49.099334716796875,12.180952861529521,458.6923522949219
49.099334716796875,12.180952878831745,458.6207580566406
49.09932327270508,12.180953365296526,457.8373718261719
49.09933853149414,12.180953432352263,457.1087341308594
49.099334716796875,12.180951990487735,458.38433837890625
49.099327087402344,12.180952332743306,457.8238525390625
49.09935760498047,12.180938363092125,474.6627502441406
49.099403381347656,12.1809210921187,502.53118896484375
49.099327087402344,12.180951956218951,457.6546325683594
49.09931945800781,12.180931829600656,457.6920166015625
49.09932327270508,12.18093167229279,458.59259033203125
49.099327087402344,12.18093162825845,458.8402099609375
49.09933090209961,12.180931558737738,459.0280456542969
49.099327087402344,12.180931513989396,458.9199523925781
49.09931945800781,12.180931453663712,457.8438720703125
49.09931564331055,12.180931393330866,457.39617919921875
49.099327087402344,12.18093103618248,458.8890380859375
49.099327087402344,12.180930952325252,458.80718994140625
49.09933090209961,12.180930833721943,459.3497314453125
49.09932327270508,12.180930709153136,458.42950439453125
49.099361419677734,12.18093052585576,478.0696716308594
49.09931564331055,12.18093067510233,457.5608825683594
49.09933090209961,12.180930638865462,459.58203125
49.09933090209961,12.180930638865462,459.58203125
49.09932327270508,12.180930534349786,458.4833068847656
49.09933090209961,12.180930331221171,459.59814453125
49.09931564331055,12.180930299773982,457.3283386230469
49.09932327270508,12.180930145605222,458.483642578125
49.09931564331055,12.180930214051493,457.576904296875
49.09933090209961,12.18093012236778,459.3208312988281
49.09933090209961,12.180930038008105,459.6440734863281
49.09931945800781,12.180929901160182,457.91943359375
49.099327087402344,12.180929637114916,458.7375793457031
49.099334716796875,12.180929570207951,459.5050964355469
49.09931564331055,12.180929348805659,457.43804931640625
49.099327087402344,12.180929400360906,458.8070373535156
49.09932327270508,12.180929258963694,458.32568359375
49.099334716796875,12.180929235018098,459.5409240722656
49.09931182861328,12.180931274982681,450.33453369140625
49.09931564331055,12.180929112222936,457.5315856933594
49.09933090209961,12.180929176549666,459.4866638183594
49.09931564331055,12.180929123374126,457.6566162109375
49.09933090209961,12.180929149285094,459.42138671875
49.099327087402344,12.180928976869916,458.9731140136719
49.099327087402344,12.180928840525054,458.7041015625
49.099327087402344,12.180928840525054,458.7041015625
49.09928894042969,12.180926859282696,443.3328857421875
49.09933853149414,12.180927710351481,459.78533935546875
49.09931564331055,12.180928485182395,457.33599853515625
49.099327087402344,12.180928596436413,458.8156433105469
49.09933090209961,12.18092857663626,459.7093811035156
49.09932327270508,12.180928388291498,458.2400207519531
49.09932327270508,12.180928388291498,458.2400207519531
49.09932327270508,12.18092837082707,458.2651062011719
49.09932327270508,12.180928290219127,458.2796325683594
49.099334716796875,12.180928313841648,459.54925537109375
49.099334716796875,12.180928313841648,459.54925537109375
49.09931564331055,12.180928104895438,457.3451232910156
49.09931564331055,12.180928063724267,457.5168762207031
49.09931564331055,12.180928063724267,457.5168762207031
49.09931945800781,12.180928063668391,457.4989929199219
49.099327087402344,12.18092810523581,458.6512145996094
49.09933090209961,12.180928056593464,459.4384765625
49.099327087402344,12.180927874195369,458.7285461425781
49.09931945800781,12.18092766074083,457.8332214355469
49.099327087402344,12.180927339385223,458.6324157714844
49.09933090209961,12.18092741865338,459.5025939941406
49.09931945800781,12.180927177594409,457.8902893066406
49.09932327270508,12.18092720619662,458.4048767089844
49.099327087402344,12.180927167054167,458.9049987792969
49.09931945800781,12.180926997598764,458.01531982421875
49.09931945800781,12.180926997598764,458.01531982421875
49.099334716796875,12.180926936254219,459.20654296875
49.09931564331055,12.180926461007964,457.466064453125
49.09931564331055,12.180926461007964,457.466064453125
49.09931564331055,12.180926461007964,457.466064453125
49.09931564331055,12.180926466655706,457.4955139160156
49.099334716796875,12.180926627726686,459.49951171875
49.09931945800781,12.180926358137754,457.7763366699219
49.09931945800781,12.180926358137754,457.7763366699219
49.09933853149414,12.180926289224406,459.4960632324219
49.09931564331055,12.180926015833881,457.4329833984375
49.09931564331055,12.180926015833881,457.4329833984375
49.09932327270508,12.180926032222445,458.07269287109375
49.09933090209961,12.18092621384094,459.1483154296875
49.099327087402344,12.180926168932853,459.0564270019531
49.099327087402344,12.180926042680408,458.7010192871094
49.09933090209961,12.180926035909012,459.3966979980469
49.099334716796875,12.18092586514186,459.58697509765625
49.09931564331055,12.180925406552701,457.4960021972656
49.09932327270508,12.180925604527832,458.6014709472656
49.09931945800781,12.180925411321578,457.81719970703125
49.09931945800781,12.180925411321578,457.81719970703125
49.099334716796875,12.180925574516245,459.32611083984375
49.09932327270508,12.180925414437517,458.21539306640625
49.09933853149414,12.180925389673332,459.3663330078125
49.099327087402344,12.180925383677236,458.9057312011719
49.09932327270508,12.180925296096497,458.0455322265625
49.09932327270508,12.180925296096497,458.0455322265625
49.09931564331055,12.180924986372037,457.3735046386719
49.099327087402344,12.180925044374685,458.5462951660156
49.099327087402344,12.180925044374685,458.5462951660156
49.09932327270508,12.180924802843125,458.44403076171875
49.099334716796875,12.180924902046417,459.37457275390625
49.09933090209961,12.180924948344233,459.48297119140625
49.09932327270508,12.180924565785714,458.6343688964844
49.09931945800781,12.180924357781613,457.7897644042969
49.09931945800781,12.180924344514718,457.8080139160156
49.099327087402344,12.180924592958899,458.85162353515625
49.099327087402344,12.180924507647164,458.9150695800781
49.09931945800781,12.180924211892854,457.74578857421875
49.099327087402344,12.180924483064727,458.9754943847656
49.09931945800781,12.180924101585653,457.6536560058594
49.09933853149414,12.180923973196423,458.6092834472656
49.09931564331055,12.18092393338428,457.6440124511719
49.09933090209961,12.180924201597811,459.2769470214844
49.09932327270508,12.180923901962904,458.251708984375
49.099327087402344,12.180924031599002,458.8927307128906
49.09931945800781,12.180923645518062,458.14459228515625
49.099334716796875,12.180923666328379,458.0888671875
49.09931564331055,12.180923404669292,457.41961669921875
49.099334716796875,12.180923938550633,459.46917724609375
49.099342346191406,12.180923458407374,458.9222717285156
49.09933853149414,12.18092290222488,460.1156921386719
49.09933853149414,12.180921828620837,460.3050842285156
49.099327087402344,12.180923403116644,458.8410339355469
49.099327087402344,12.180923403116644,458.8410339355469
49.099327087402344,12.180923403116644,458.8410339355469
49.09931945800781,12.18092304825732,457.72955322265625
49.09933090209961,12.180923479529204,459.33978271484375
49.09933090209961,12.180923479529204,459.33978271484375
49.09931945800781,12.180923052537437,458.08392333984375
49.09933853149414,12.18092313301562,459.0924987792969
49.09931945800781,12.180916580404636,443.96923828125
49.099327087402344,12.180923166372791,459.02105712890625
49.09933853149414,12.180923019894575,459.1673583984375
49.09932327270508,12.180922731540827,458.17742919921875
49.09932327270508,12.180922847610798,458.63702392578125
49.09933090209961,12.180923031981735,459.4041748046875
49.09931564331055,12.180922409407872,457.44354248046875
49.09931564331055,12.180922409407872,457.44354248046875
49.09932327270508,12.18092272484557,458.61492919921875
49.09933090209961,12.180922862207247,459.37335205078125
49.09933090209961,12.180922854623708,459.401123046875
49.099327087402344,12.180922516143124,458.66693115234375
49.099342346191406,12.180922362487031,459.03936767578125
49.09931945800781,12.180922155264781,457.7906494140625
49.099342346191406,12.1809222616701,459.09149169921875
49.09933090209961,12.180922484129834,459.20703125
49.099334716796875,12.180922492813695,459.5858459472656
49.09931945800781,12.18092196478968,458.06268310546875
49.09933853149414,12.180922073370263,459.2109680175781
49.099327087402344,12.180921883044165,458.6222229003906
49.09932327270508,12.18092154808559,458.169189453125
49.099308013916016,12.180917768404427,439.07867431640625
49.099327087402344,12.180921412317087,459.0399169921875
49.099327087402344,12.180921236240312,458.6259765625
49.09933853149414,12.180921299537436,459.21331787109375
49.09931945800781,12.180920775130401,458.0727844238281
49.09932327270508,12.180920870766654,458.4046630859375
49.099342346191406,12.180920604436523,458.9422302246094
49.09933090209961,12.180920815010497,459.19305419921875
49.09933853149414,12.180920554617515,459.0427551269531
49.099327087402344,12.180920633509892,459.0252685546875
49.099342346191406,12.180920312446966,459.0309753417969
49.099342346191406,12.180920312446966,459.0309753417969
49.09931564331055,12.180919725021162,457.306640625
49.09931564331055,12.180919725021162,457.306640625
49.099327087402344,12.180920227143417,458.5766296386719
49.09931945800781,12.180920010632295,458.10357666015625
49.09932327270508,12.180920116150153,458.45208740234375
49.09933853149414,12.18091934758806,459.4313659667969
49.09931564331055,12.180919589869132,457.2774658203125
49.099327087402344,12.18092015682274,458.8529357910156
49.09932327270508,12.18092000533618,458.4942626953125
49.099334716796875,12.180920280608058,459.37518310546875
49.09932327270508,12.18091992865509,458.4488525390625
49.09933853149414,12.180920016259979,459.13458251953125
49.09933090209961,12.180920168945923,459.2461853027344
49.09931564331055,12.180918982324807,457.312255859375
49.09931564331055,12.180918982324807,457.312255859375
49.09932327270508,12.180919418532582,458.23968505859375
49.099334716796875,12.180919655875307,459.324951171875
49.09933090209961,12.180919635729769,459.3040466308594
49.09933853149414,12.180919318348499,459.01397705078125
49.09933853149414,12.180919318348499,459.01397705078125
49.09933853149414,12.180919318348499,459.01397705078125
49.099327087402344,12.180919230145145,458.87786865234375
49.09933090209961,12.18091932537942,459.2233581542969
49.09933090209961,12.180919273790401,459.30914306640625
49.09933853149414,12.180918933690446,459.08306884765625
49.099327087402344,12.180918895333116,458.87823486328125
49.09933853149414,12.180918528454585,458.68280029296875
49.099327087402344,12.180918744146197,458.86419677734375
49.09932327270508,12.180918398215523,458.20819091796875
49.09931945800781,12.180917664825232,457.5118408203125
49.09931564331055,12.180917403534146,456.97015380859375
49.09931564331055,12.180917199619408,457.0022888183594
49.09933853149414,12.180917680559661,458.9609375
49.09933853149414,12.180917029015585,458.8688049316406
49.099334716796875,12.180917137822945,459.31231689453125
49.099334716796875,12.180917137822945,459.31231689453125
49.099334716796875,12.180918074808684,457.9770202636719
49.09933853149414,12.180916317851128,458.8529052734375
49.09933853149414,12.180916112109072,458.9920349121094
49.099334716796875,12.180915967115553,459.12799072265625
49.09932327270508,12.180913451123018,456.3135070800781
49.09933853149414,12.180914478181183,458.7947692871094
49.09931564331055,12.180913311937296,456.7843017578125
49.09931564331055,12.180913311937296,456.7843017578125
49.09933853149414,12.180914318388998,458.97332763671875
49.09931182861328,12.18091254579935,456.4893798828125
49.09931182861328,12.18091254579935,456.4893798828125
49.09931564331055,12.180912370018124,456.67071533203125
49.099327087402344,12.180905414750157,457.888916015625
49.099327087402344,12.180905414750157,457.888916015625
49.09931945800781,12.180897635361246,457.01806640625
49.09931182861328,12.180894502317742,456.7307434082031
49.09931182861328,12.180894658887556,457.0289306640625
49.099308013916016,12.180893931093841,456.5546569824219
49.099308013916016,12.180893931093841,456.5546569824219
49.09931564331055,12.180894355241472,457.035400390625
49.09931945800781,12.180895261974927,457.92425537109375
49.09931182861328,12.180893549295476,456.6731262207031
49.09931564331055,12.180894311543002,457.2884826660156
49.09931945800781,12.180894741644156,457.6824951171875
49.09931945800781,12.180894908290425,457.800537109375
49.09931182861328,12.180894517119683,457.6658935546875
49.09932327270508,12.180895031365939,458.18896484375
49.099308013916016,12.180892647264585,456.6094055175781
49.09931945800781,12.180894444390415,457.9018249511719
49.09931564331055,12.180893536324131,457.3285217285156
49.09932327270508,12.180894430115712,458.0711975097656
49.09932327270508,12.180894548472287,458.33697509765625
49.09931564331055,12.180893385707838,457.5143127441406
49.09932327270508,12.180894251745782,458.22637939453125
49.09931945800781,12.180893564909558,457.8398742675781
49.099308013916016,12.18089173035316,456.57684326171875
49.099308013916016,12.18089173035316,456.57684326171875
49.09931945800781,12.180893027258554,457.539306640625
49.09931564331055,12.180892686440606,457.41729736328125
49.09932327270508,12.180893758114175,458.1927185058594
49.099327087402344,12.180893061204772,457.95947265625
49.09931564331055,12.18089211254122,457.32489013671875
49.099365234375,12.180926207875546,479.8133544921875
49.09932327270508,12.180893096758902,458.1403503417969
49.09931182861328,12.180891568818799,457.10467529296875
49.09931182861328,12.180891303304085,456.9793395996094
49.09931945800781,12.180892611484497,457.8846435546875
49.09931945800781,12.180891926465769,457.49945068359375
49.09932327270508,12.18089248658494,458.0632629394531
49.09931564331055,12.180891227732321,457.4364929199219
49.09931945800781,12.180891696989848,457.76690673828125
49.09931564331055,12.1808910670756,457.3568115234375
49.09933090209961,12.18089094470416,457.5857849121094
49.09931564331055,12.180890477732419,457.2118225097656
49.09931564331055,12.180890477732419,457.2118225097656
49.09932327270508,12.180891804415257,458.1333923339844
49.099308013916016,12.180889079545077,456.4892578125
49.09932327270508,12.180891471443648,458.09771728515625
49.09932327270508,12.180891471443648,458.09771728515625
49.09931564331055,12.180890535610626,457.5229797363281
49.09931945800781,12.180890327197998,457.48724365234375
49.09932327270508,12.180891279548936,458.1277770996094
49.09931564331055,12.180889597089022,457.0693359375
49.09931564331055,12.180889597089022,457.0693359375
49.09931945800781,12.180890460448207,457.620849609375
49.09931945800781,12.180890460448207,457.620849609375
49.09932327270508,12.180890752174145,458.0698547363281
49.09932327270508,12.180890752174145,458.0698547363281
49.09931564331055,12.180889636120952,457.3565979003906
49.099308013916016,12.180887907522866,456.3653259277344
49.099308013916016,12.180887907522866,456.3653259277344
49.09933090209961,12.180889917027065,457.8228759765625
49.09931945800781,12.180889914328658,457.7323303222656
49.099327087402344,12.180893635831156,460.2146301269531
49.09931945800781,12.180889462813811,457.6703186035156
49.09932327270508,12.180889969659097,458.0373229980469
49.099308013916016,12.180887653528778,456.63623046875
49.09932327270508,12.180889840754501,458.1163330078125
49.09931945800781,12.180889079414086,457.7281799316406
49.09933090209961,12.180887981526018,457.4013671875
49.099334716796875,12.180887992994247,457.4300842285156
49.09931182861328,12.180887282140892,456.8363952636719
49.09931564331055,12.180888431917621,457.5633239746094
49.09931564331055,12.180888431917621,457.5633239746094
49.09931945800781,12.180888538756847,457.6673889160156
49.099327087402344,12.180889107351112,458.0574951171875
49.09933090209961,12.180888141858539,457.71319580078125
49.09931945800781,12.180888182527852,457.8338928222656
49.09931945800781,12.180888182527852,457.8338928222656
49.09932327270508,12.180888527904274,458.1347351074219
49.09932327270508,12.180888527904274,458.1347351074219
49.09933090209961,12.180887531078744,457.6941833496094
49.09931182861328,12.180886349343579,456.8931884765625
49.09931182861328,12.180885866476126,456.7660217285156
49.099327087402344,12.18088740970611,457.8759460449219
49.09932327270508,12.18088760099499,457.99658203125
49.09930419921875,12.18088361462618,455.6231994628906
49.099327087402344,12.180887202832622,457.8680114746094
49.09931564331055,12.180885816935474,457.0456848144531
49.09931945800781,12.180886805331756,457.6463317871094
49.09931182861328,12.18088542852536,456.8562927246094
49.099327087402344,12.18088739201255,458.052490234375
49.09932327270508,12.180887420869785,458.073486328125
49.09932327270508,12.180887420869785,458.073486328125
49.09932327270508,12.18088682071988,457.7483215332031
49.099308013916016,12.180884569017298,456.4729919433594
49.099308013916016,12.180884569017298,456.4729919433594
49.099308013916016,12.18088433645,456.3692932128906
49.09932327270508,12.180887083732674,458.03839111328125
49.099308013916016,12.180884168873696,456.3699951171875
49.09932327270508,12.180887112645578,458.1523132324219
49.09932327270508,12.180887112645578,458.1523132324219
49.099327087402344,12.180886868161409,458.06854248046875
49.09931945800781,12.180885960982586,457.55682373046875
49.099334716796875,12.180885493136483,457.4818115234375
49.09931564331055,12.18088507192959,457.1174011230469
49.09931182861328,12.180884549859918,456.85467529296875
49.099327087402344,12.180886578852247,458.11151123046875
49.099327087402344,12.180886152942792,457.9154052734375
49.099327087402344,12.180886152942792,457.9154052734375
49.09931945800781,12.180885305950884,457.5035400390625
49.09932327270508,12.180886214675397,458.03851318359375
49.09931945800781,12.180885592787597,457.6947021484375
49.09932327270508,12.180886101813877,458.0455322265625
49.09932327270508,12.180886101813877,458.0455322265625
49.09931182861328,12.180884255799073,457.020263671875
49.09931564331055,12.18088446450643,457.146484375
49.09932327270508,12.180885951236883,458.0204772949219
49.09931182861328,12.18088399829116,456.920166015625
49.09931182861328,12.1808837100201,456.8359680175781
49.09932327270508,12.180885692579528,458.0118408203125
49.099308013916016,12.180882771419903,456.4222717285156
49.09932327270508,12.1808855134826,457.99871826171875
49.09933090209961,12.180883935900328,457.5282897949219
49.09933853149414,12.180897710782371,464.6840515136719
49.09931564331055,12.180884310091411,457.65399169921875
49.09931945800781,12.180884135363021,457.640380859375
49.09931564331055,12.18088331804049,457.2258605957031
49.09931182861328,12.18088287939547,457.0592041015625
49.09931945800781,12.180883854145806,457.6058654785156
49.09931945800781,12.180883854145806,457.6058654785156
49.099308013916016,12.18088187428806,456.61865234375
49.099361419677734,12.180923456366378,479.16082763671875
49.09932327270508,12.1808840955255,457.9563903808594
49.09931945800781,12.180884192222775,458.0143737792969
49.099327087402344,12.180883129227334,457.7008361816406
49.099327087402344,12.180882588704359,457.6013488769531
49.09931564331055,12.18088225717692,457.33807373046875
49.09932327270508,12.180883411184647,458.0233154296875
49.09931945800781,12.180882350091844,457.5449523925781
49.09933090209961,12.180881733597584,457.49169921875
49.099327087402344,12.180882070413768,457.65179443359375
49.09931945800781,12.180882314776772,457.7261657714844
49.09933090209961,12.180880927078503,457.4055480957031
49.09931945800781,12.180881519067693,457.83123779296875
49.09933090209961,12.180880165358216,457.34832763671875
49.09933090209961,12.180880165358216,457.34832763671875
49.09932327270508,12.1808819191196,458.1108703613281
49.099327087402344,12.180879774806403,457.2817077636719
49.099327087402344,12.180880195433662,457.50128173828125
49.099327087402344,12.180880015881543,457.5989685058594
49.09933090209961,12.180878854672608,457.2420654296875
49.09933090209961,12.180878787022502,457.3212890625
49.099327087402344,12.18088027486965,458.0538330078125
49.09933090209961,12.180878848594643,457.4857482910156
49.09933090209961,12.180878198579883,457.41070556640625
49.099308013916016,12.180875906361901,456.4275817871094
49.09933090209961,12.180877472898391,457.41949462890625
49.09933090209961,12.180877172982264,457.28851318359375
49.099334716796875,12.180877710760985,457.5858459472656
49.099334716796875,12.180877022801518,457.47674560546875
